{"cameraMode":{"drawMode":0,"name":"Shaded","section":"Shading Mode"},"sceneLighting":true,"audioPlay":false,"sceneViewState":{"showFog":true,"showMaterialUpdate":false,"showSkybox":true,"showFlares":true,"showImageEffects":true,"showParticleSystems":true},"in2DMode":false,"pivot":{"x":-0.4352824091911316,"y":0.023958444595336915,"z":2.293133020401001},"rotation":{"x":-0.3491459786891937,"y":-0.05706525593996048,"z":0.021174553781747819,"w":-0.9351850748062134},"size":2.8071069717407228,"orthographic":false}