{"cameraMode":{"drawMode":0,"name":"Shaded","section":"Shading Mode"},"sceneLighting":false,"audioPlay":false,"sceneViewState":{"showFog":true,"showMaterialUpdate":false,"showSkybox":false,"showFlares":true,"showImageEffects":true,"showParticleSystems":true},"in2DMode":false,"pivot":{"x":-0.6643982529640198,"y":0.0,"z":0.31675612926483157},"rotation":{"x":-0.16601905226707459,"y":-0.018643302842974664,"z":0.003109245328232646,"w":-0.9860003590583801},"size":1.7033604383468629,"orthographic":false}